Ubicazione;Data_avvio_primo_Proc;TipoVia;DescrizioneVia;Civico;Bar;CodiceVia;ZD;durata_attivita_tipo;insegna;numero_addetti;posto_speciale_cf;attivita_prevalente;settore_merceologico;settore_storico_n;settore_storico_preval;settore_storico_s;superficie_vendita
CSO EUROPA N. 12 (z.d. 1);07/09/2011;CSO ;EUROPA;12;;300;1;Permanente;;;;FARMACIA, COSMESI E PROFUMERIA, ALIMENTI PER L'INFANZIA ED INTEGRATORI ALIMENTARI;Alimentare,Tabella speciale Farmacie;"alimenti per l'infanzia ed integratori alimentari. ,cosmesi e profumeria ,tabella speciale farmacia ";farmacia (articoli sussidiari);settore alimentare,settore non alimentare,speciale farmacia;396
VIA LOPEZ SABATINO N. 9 (z.d. 8);08/03/2012;VIA ;LOPEZ SABATINO;9;;7369;8;;;;;VENDITA ALIMENTARI;Alimentare,Non Alimentare;;;;372
VIA LEONCAVALLO RUGGERO num.015/17, ();04/08/2011;VIA;LEONCAVALLO RUGGERO;15;17;2389;2;Permanente;;;;SUPERMERCATO;non alimentare,alimentare;"supermercato ";;settore alimentare/non aliment;830
PZA DUCA D'AOSTA interno stazione centrale;16/03/2012;PZA ;DUCA D'AOSTA;;;1200;2;;;;;;Non Alimentare;;;;2470
CSO BUENOS AIRES N. 8 (z.d. 3);19/03/2012;CSO ;BUENOS AIRES;8;;2129;3;Permanente;;;;;Non Alimentare;;;;1277
PZA DUCA D'AOSTA Int. stazione interno stazione centrale;29/03/2012;PZA ;DUCA D'AOSTA;;;1200;2;Permanente;;;;;Non Alimentare;;;;620
VIA ASTESANI ALESSANDRO N. 39 (z.d. 9);24/04/2012;VIA ;ASTESANI ALESSANDRO;39;;1558;9;;;;;;Non Alimentare;;;;1150
VIA FOPPA VINCENZO N. 49 (z.d. 6);27/10/2011;VIA ;FOPPA VINCENZO;49;;6109;6;;;;;;Alimentare,Non Alimentare;;;;596
VIA BECCARIA CESARE N. 5 (z.d. 1);21/07/2011;VIA ;BECCARIA CESARE;5;;307;1;Permanente;;;;;Alimentare,Non Alimentare;;;;828
VIA ADRIANO PUBLIO ELIO angolo via brambilla;18/01/2011;VIA;ADRIANO PUBLIO ELIO;;;2410;2;Permanente;;;;;Alimentare,Non Alimentare;;;;1458
CSO VITTORIO EMANUELE II N. 37B (z.d. 1);31/05/2012;CSO ;VITTORIO EMANUELE II;37;B;214;1;;;;;ABBIGLIAMENTO E ACCESSORI UOMO E DONNA;Non Alimentare;;;;382
VIA TORINO N. 44 (z.d. 1);27/01/2012;VIA ;TORINO;44;;543;1;Permanente;;;;;Non Alimentare;;;;277
VIA DAIMLER GOTTLIEB WILHELM area cascina merlata num.000, ();12/07/2011;VIA ;DAIMLER GOTTLIEB WILHELM;;;7587;8;;;;;;alimentare,non alimentare;"ipermercato organizzato in: - 1 grande struttura di vendita - 11 medie strutture di vendita - 82 esercizi di vicinato ";;settore alimentare/non aliment;33000
VIA D'ADDA CARLO N. 29 (z.d. 6);04/08/2011;VIA ;D'ADDA CARLO;29;;5272;6;Permanente;lucky music strumenti m.;;;;Non Alimentare;"(con l'esclusione dei prodotti per i quali e' previsto per legge uno specifico diploma) ";strumenti musicali;settore non alimentare;835
CSO BUENOS AIRES N. 23 (z.d. 3);12/01/2011;CSO ;BUENOS AIRES;23;;2129;3;Permanente;;;;VENDITA ABBIGLIAMENTO E ACCESSORI;Non Alimentare;;;;381
VIA DEGLI OMENONI N. 2 (z.d. 1);21/02/2011;VIA ;DEGLI OMENONI;2;;233;1;Permanente;;;;SETTORE NON ALIMENTARE;Non Alimentare;;;;595
VIA MURATORI LODOVICO N. 27 (z.d. 4);02/12/2011;VIA ;MURATORI LODOVICO;27;;4076;4;;;;;ABBIGLIAMENTO E ACCESSORI;Non Alimentare;;;;630
VIA MANZONI ALESSANDRO N. 38 (z.d. 1);18/01/2012;VIA ;MANZONI ALESSANDRO;38;;230;1;Permanente;;;;;Non Alimentare;;;;314
VIA GRASSI GIOVANNI BATTISTA N. 15 (z.d. 8);05/12/2011;VIA ;GRASSI GIOVANNI BATTISTA;15;;7465;8;Permanente;;;;;Non Alimentare;;;;1490
VIA RISMONDO FRANCESCO N. 4 (z.d. 7);25/07/2011;VIA ;RISMONDO FRANCESCO;4;;6756;7;Permanente;;;;;Non Alimentare;;;;1458
VIA MONTE NAPOLEONE N. 12 (z.d. 1);22/12/2011;VIA ;MONTE NAPOLEONE;12;;219;1;Permanente;;;;ABBIGLIAMENTO E ACCESSORI;Non Alimentare;;;;1179
VIA DELLA PECETTA n. 31/33;17/01/2011;VIA ;DELLA PECETTA;31;33;7251;8;Permanente;;;;;Alimentare,Non Alimentare;;;;477
VIA DELLA PECETTA n. 31/33;17/01/2011;VIA ;DELLA PECETTA;31;33;7251;8;Permanente;;;;;Alimentare,Non Alimentare;;;;1300
CSO VITTORIO EMANUELE II N. 30 (z.d. 1);22/12/2011;CSO ;VITTORIO EMANUELE II;30;;214;1;Permanente;;;;;Alimentare,Non Alimentare;;;;295
VIA BOSCOVICH RUGGERO N. 58 (z.d. 3);01/06/2011;VIA ;BOSCOVICH RUGGERO;58;;2131;3;Permanente;;;;;Non Alimentare;;;;439
VIA MONTE NAPOLEONE N. 12 (z.d. 1);30/07/2012;VIA ;MONTE NAPOLEONE;12;;219;1;Permanente;;;;;Non Alimentare;;;;452
VIA CIRCO N. 1 (z.d. 1);24/07/2012;VIA ;CIRCO;1;;557;1;Permanente;;;;SUPERMERCATO;Alimentare,Non Alimentare;;;;364
CSO MATTEOTTI GIACOMO N. 10 (z.d. 1);16/08/2012;CSO ;MATTEOTTI GIACOMO;10;;218;1;Permanente;;;;;Non Alimentare;;;;598
VLE MONZA N. 162 (z.d. 2);23/10/2012;VLE ;MONZA;162;;2274;2;Permanente;;;;;Non Alimentare;;;;700
CSO MATTEOTTI GIACOMO N. 18 (z.d. 1);25/10/2012;CSO ;MATTEOTTI GIACOMO;18;;218;1;Permanente;;;;;Non Alimentare;;;;451
VIA SAN RAFAEL DELLE ANDE n. 6/1 con ingresso da via de marchi emilio n. 10 (z.d. 2);09/11/2012;VIA ;SAN RAFAEL DELLE ANDE;6;1;1457;2;Permanente;;;;;Non Alimentare;;;;1219
VIA BAGUTTA N. 2 (z.d. 1);13/02/2013;VIA ;BAGUTTA;2;;221;1;Permanente;;;;ABBIGLIAMENTO E ACCESSORI;Non Alimentare;;;;414"p.i.i. garibaldi repubblica edificio podiou.i. u1";21/02/2013;;;;;;;Permanente;;;;;Alimentare,Non Alimentare;;;;2300
VIA BAGAROTTI MAFFEO N. 5 (z.d. 7);19/03/2013;VIA ;BAGAROTTI MAFFEO;5;;6585;7;Permanente;;;;;Alimentare,Non Alimentare;;;;753
VIA MONTE NAPOLEONE N. 6A (z.d. 1);10/04/2013;VIA ;MONTE NAPOLEONE;6;A;219;1;Permanente;;;;;Non Alimentare;;;;1290
VIA ROSSI PELLEGRINO snc;10/04/2013;VIA;ROSSI PELLEGRINO;;;1510;9;Permanente;;;;;Alimentare,Non Alimentare;;;;2500
VIA MAFFUCCI ANGIOLO N. 18 (z.d. 9);26/04/2013;VIA ;MAFFUCCI ANGIOLO;18;;1276;9;Permanente;;;;;Non Alimentare,Alimentare;;;;1070
VIA LORENTEGGIO N. 246 (z.d. 6);14/05/2013;VIA ;LORENTEGGIO;246;;5132;6;Permanente;;;;;Non Alimentare;;;;650
VIA BRERA N. 21 (z.d. 1);21/05/2013;VIA ;BRERA;21;;122;1;Permanente;;;;;Non Alimentare;;;;442
CSO DI PORTA NUOVA N. 52 (z.d. 1);21/05/2013;CSO ;DI PORTA NUOVA;52;;1044;1;Permanente;;;;;Non Alimentare;;;;345
VIA SANT' ANDREA N. 15 (z.d. 1);30/05/2013;VIA ;SANT' ANDREA;15;;222;1;Permanente;;;;;Non Alimentare;;;;704
VLE STURZO DON LUIGI al civico n. 20;13/06/2013;VLE ;STURZO DON LUIGI;20;;1704;9;Permanente;;;;;Non Alimentare;;;;299
VIA CUSANI N. 5 (z.d. 1);03/07/2013;VIA ;CUSANI;5;;719;1;Permanente;;;;;Non Alimentare;;;;405
GLL PASSARELLA N. 2 (z.d. 1);09/07/2013;GLL ;PASSARELLA;2;;303;1;Permanente;;;;;Non Alimentare;;;;264
PZA DUCA D'AOSTA interno stazione centrale (z.d. 2);31/07/2013;PZA ;DUCA D'AOSTA;;;1200;2;Permanente;;;;;Non Alimentare;;;;1435
VLE FAMAGOSTA N. 12 (z.d. 6);02/08/2013;VLE ;FAMAGOSTA;12;;5353;6;Permanente;;;;;Non Alimentare;;;;853
VIA LEOPARDI GIACOMO N. 7 (z.d. 1);07/08/2013;VIA ;LEOPARDI GIACOMO;7;;6156;1;Permanente;;;;;Alimentare,Non Alimentare;;;;280
PZA VENTICINQUE APRILE N. 10 (z.d. 9);07/08/2013;PZA ;VENTICINQUE APRILE;10;;1064;9;Permanente;;;;;Alimentare,Non Alimentare;;;;2491
VIA GIULINI GIORGIO N. 2 con ingresso da via dante (z.d. 1);09/08/2013;VIA ;GIULINI GIORGIO;2;;613;1;Permanente;;;;;Non Alimentare;;;;858
PZA DEL LIBERTY N. 2 (z.d. 1);17/09/2013;PZA ;DEL LIBERTY;2;;98;1;Permanente;;;;;Non Alimentare;;;;414
VIA MONTE NAPOLEONE N. 12 (z.d. 1);17/09/2013;VIA ;MONTE NAPOLEONE;12;;219;1;Permanente;;;;;Non Alimentare;;;;545
VIA TORINO N. 29 (z.d. 1);26/09/2013;VIA ;TORINO;29;;543;1;Permanente;;;;;Non Alimentare;;;;2064
VIA TORINO N. 29 (z.d. 1);26/09/2013;VIA ;TORINO;29;;543;1;Permanente;;;;;Non Alimentare;;;;742
PIAZZA GAE AULENTI N. 6 (z.d. 9);27/09/2013;PIAZZA ;GAE AULENTI;6;;1785;9;Permanente;;;;;Non Alimentare;;;;372
VIA LORENTEGGIO N. 246 (z.d. 6);07/10/2013;VIA ;LORENTEGGIO;246;;5132;6;Permanente;;;;;Non Alimentare;;;;730
VIA MONTE NAPOLEONE N. 27 (z.d. 1);12/11/2013;VIA ;MONTE NAPOLEONE;27;;219;1;Permanente;;;;;Non Alimentare;;;;813
VIA LIVIGNO N. 20 (z.d. 9);20/01/2014;VIA ;LIVIGNO;20;;1296;9;Permanente;;;;;Non Alimentare;;;;1009
VIA GESU' N. 2A (z.d. 1);11/02/2014;VIA ;GESU';2;A;227;1;Permanente;;;;;Non Alimentare;;;;591
VIA MANZONI ALESSANDRO N. 26 (z.d. 1);27/02/2014;VIA ;MANZONI ALESSANDRO;26;;230;1;Permanente;;;;;Non Alimentare;;;;347
VIA VERDI GIUSEPPE N. 2 angolo via manzoni (z.d. 1);14/03/2014;VIA ;VERDI GIUSEPPE;2;;118;1;Permanente;;;;;Non Alimentare;;;;598
CSO VITTORIO EMANUELE II N. 24 (z.d. 1);27/03/2014;CSO ;VITTORIO EMANUELE II;24;;214;1;Permanente;;;;;Non Alimentare;;;;675
VIA CAVALLOTTI FELICE N. 13 (z.d. 1);08/04/2014;VIA ;CAVALLOTTI FELICE;13;;312;1;Permanente;;;;;Non Alimentare;;;;397
VIA TORINO N. 47 (z.d. 1);13/05/2014;VIA ;TORINO;47;;543;1;Permanente;;;;;Non Alimentare;;;;705
VLE CERTOSA N. 36 (z.d. 8);21/05/2014;VLE ;CERTOSA;36;;7174;8;Permanente;;;;;Non Alimentare;;;;720
PZA DELLA TRIVULZIANA N. 5 (z.d. 9);28/05/2014;PZA ;DELLA TRIVULZIANA;5;;1765;9;Permanente;;;;;Non Alimentare;;;;1100
VIA GIOVANNI ANSALDO N. 7 (z.d. 9);18/06/2014;VIA ;GIOVANNI ANSALDO;7;;1781;9;Permanente;;;;;Non Alimentare;;;;1213
VIA FRIEDRICH VON HAYEK N. 4 (z.d. 9);18/06/2014;VIA ;FRIEDRICH VON HAYEK;4;;1768;9;Permanente;;;;;Non Alimentare;;;;1370
CSO BUENOS AIRES N. 54 (z.d. 3);02/07/2014;CSO ;BUENOS AIRES;54;;2129;3;Permanente;;;;;Alimentare,Non Alimentare;;;;466
VIA SANT' ANDREA N. 21 (z.d. 1);09/07/2014;VIA ;SANT' ANDREA;21;;222;1;Permanente;;;;;Non Alimentare;;;;312
VIA CHIESE N. 60 (z.d. 9);11/07/2014;VIA ;CHIESE;60;;1627;9;Permanente;;;;;Non Alimentare;;;;1309
VIA SAN RAFFAELE N. 1 (z.d. 1);06/08/2014;VIA ;SAN RAFFAELE;1;;207;1;Permanente;;;;;Non Alimentare;;;;2385
VIA CAGLIERO GIOVANNI N. 14A (z.d. 2);06/08/2014;VIA ;CAGLIERO GIOVANNI;14;A;1407;2;Permanente;;;;;Alimentare,Non Alimentare;;;;827
VIA TORINO N. 21 (z.d. 1);07/08/2014;VIA ;TORINO;21;;543;1;Permanente;;;;;Non Alimentare;;;;358
PIAZZA GAE AULENTI N. 4 (z.d. 9);16/09/2014;PIAZZA ;GAE AULENTI;4;;1785;9;Permanente;;;;;Non Alimentare;;;;658
VLE MURILLO S.B. N. 5 (z.d. 7);17/09/2014;VLE ;MURILLO S.B.;5;;6551;7;Permanente;;;;;Alimentare,Non Alimentare;;;;815
VIA BOSCOVICH RUGGERO N. 18 (z.d. 2);22/09/2014;VIA ;BOSCOVICH RUGGERO;18;;2131;2;Permanente;;;;;Alimentare,Non Alimentare;;;;410
VIA DANTE ALIGHIERI N. 7 (z.d. 1);30/09/2014;VIA ;DANTE ALIGHIERI;7;;612;1;Permanente;;;;;Non Alimentare;;;;566
VIA FOSCOLO UGO N. 3 (z.d. 1);02/10/2014;VIA ;FOSCOLO UGO;3;;205;1;Permanente;;;;;Alimentare,Non Alimentare,Tabella speciale Monopolio;;;;1914
CSO VERCELLI N. 37 (z.d. 7);06/10/2014;CSO ;VERCELLI;37;;6193;7;Permanente;;;;;Non Alimentare;;;;353
LGO DOMODOSSOLA N. 1A (z.d. 8);07/10/2014;LGO ;DOMODOSSOLA;1;A;6140;8;Permanente;;;;;Non Alimentare,Alimentare,;;;;14848
PIAZZA GAE AULENTI N. 6 (z.d. 9);20/10/2014;PIAZZA ;GAE AULENTI;6;;1785;9;Permanente;;;;;Non Alimentare;;;;305
VIA ORNATO LUIGI N. 169 angolo via del regno italico (z.d. 9);23/10/2014;VIA ;ORNATO LUIGI;169;;1591;9;Permanente;;;;;Alimentare,Non Alimentare;;;;4172
VIA NERINO N. 15 (z.d. 1);31/10/2014;VIA ;NERINO;15;;564;1;Permanente;;;;;Non Alimentare;;;;386
VIA FOSCOLO UGO N. 3 (z.d. 1);02/12/2014;VIA ;FOSCOLO UGO;3;;205;1;Permanente;;;;;Non Alimentare;;;;950
VIA SAN PROSPERO N. 1 (z.d. 1);05/12/2014;VIA ;SAN PROSPERO;1;;721;1;Permanente;;;;;Non Alimentare;;;;500
VIA MERAVIGLI N. 2 (z.d. 1);12/12/2014;VIA ;MERAVIGLI;2;;614;1;Permanente;;;;;Non Alimentare;;;;334
PZA DUCA D'AOSTA interno stazione centrale;16/12/2014;PZA ;DUCA D'AOSTA;;;1200;2;Permanente;;;;;Alimentare,Non Alimentare;;;;725
GLL UNIONE N. 4 ,gll unione 004, isolato:470, accesso: accesso esterno, (z.d. 1);02/03/1994;GLL ;UNIONE;4;;510;1;;;;;;;;gioielleria - orologeria;xiv sub 12;366
VIA MONTE NAPOLEONE N. 20 ,via monte napoleone 020/4, isolato:258, accesso: accesso esterno, (z.d. 1);28/06/1991;VIA ;MONTE NAPOLEONE;20;;219;1;;salvatore ferragamo;;;;Non Alimentare;;boutique;xiv prodotti per la persona,x,ix;263
VIA MONTE NAPOLEONE N. 3 ,via monte napoleone 003, isolato:315, accesso: accesso esterno, (z.d. 1);26/04/1993;VIA ;MONTE NAPOLEONE;3;;219;1;;;;;;Non Alimentare;;abbigliamento;settore non alimentare;469
GLL SAN CARLO N. 6 ,gll san carlo 006, isolato:360, accesso: accesso esterno, (z.d. 1);24/06/1997;GLL ;SAN CARLO;6;;302;1;Permanente;;;;;Non Alimentare;"articoli di abbigliamento e accessori, pellicceria, calzature e articoli in cuoio. ";abbigliamento donna;settore non alimentare;322
VIA VALLAZZE N. 108 , isolato:058, accesso: accesso esterno, (z.d. 3);29/09/1997;VIA ;VALLAZZE;108;;2250;3;Permanente;penny market;;;;Alimentare,Non Alimentare;",,,,: audiovisivi - combustibili solidi e liquidi ";discount alimentare;xiv prodotti per la persona,xiv prodotti per la casa,vii,xiv prod. sport e tempo libero,xiv prodotti vari;513
PZA DEL LIBERTY N. 2 ,pza del liberty 002, isolato:361, accesso: accesso esterno, (z.d. 1);29/06/2000;PZA ;DEL LIBERTY;2;;98;1;Permanente;marella;;;;Non Alimentare;"(con esclusione di quei prodotti per i quali e' previsto per legge specifico diploma) attivita' prevalente: abbigliamento femminile, calzature, pelletteria ed accessori ";abbigliamento donna;settore non alimentare;389
PZA OBERDAN GUGLIELMO num.002/a, isolato:152, (z.d. 1);08/09/2005;PZA;OBERDAN GUGLIELMO;2;A;2108;1;Permanente;;;;;Non Alimentare;"abbigliamento e accessori ";abbigliamento;settore non alimentare;351
VIA FOSCOLO UGO N. 8 ,via foscolo ugo 008, isolato:415, accesso: accesso esterno, (z.d. 1);09/12/2005;VIA ;FOSCOLO UGO;8;;205;1;Permanente;;;;;Non Alimentare;"abbigliamento, articoli e accessori di abbigliamento, biancheria intima, calzature e pelletteria, profumeria, oggettistica. ";abbigliamento;settore non alimentare;350
GLL SAN BABILA num.004/c, isolato:264, accesso: accesso esterno, (z.d. 1);03/06/1999;GLL ;SAN BABILA;4;C;360;1;;vannucci;;;;non alimentare;"attivita' prevalente: abbigliamento uomo donna ";abbigliamento;settore non alimentare;380
CSO MAGENTA N. 13 ,cso magenta 013, isolato:343, accesso: accesso esterno, (z.d. 1);01/01/2000;CSO ;MAGENTA;13;;604;1;;bardelli;;;;non alimentare;;abbigliamento uomo;xiv sub 56,xiv sub 19,ix (cont.antec. d.m. 375/88),x,xiv sub 55;747
GLL SAN BABILA num.004/a, isolato:264, accesso: accesso esterno, (z.d. 1);23/11/1992;GLL ;SAN BABILA;4;A;360;1;;smart;;;;non alimentare;;abbigliamento uomo;xiv prodotti per la persona,x,ix;450
VIA AGNELLO N. 2 ,via agnello 002, isolato:385, accesso: accesso esterno, (z.d. 1);01/01/1988;VIA ;AGNELLO;2;;209;1;;celio;;;;non alimentare;;abbigliamento uomo;xiv sub 55,xi (cont.ant. d.m. 375/88),xiv sub 2,xiv sub 18,xiv sub 6,x,xiv sub 19;320
VIA PASSARELLA N. 4 ,gll passarella 004*, isolato:386, accesso: accesso esterno, (z.d. 1);11/01/1989;VIA ;PASSARELLA;4;;298;1;;caractere;;;;non alimentare;"(con l'esclusione dei prodotti per i quali e' previsto per legge uno specifico diploma) ";abbigliamento;settore non alimentare;300
VIA DURINI N. 28 ,via durini 028, isolato:318, accesso: accesso esterno, (z.d. 1);08/05/1995;VIA ;DURINI;28;;313;1;Permanente;boggi;;;;Non Alimentare,Alimentare;"(con l'esclusione dei prodotti per i quali e' previsto per legge uno specifico diploma) ";abbigliamento;settore non alimentare;2368
VIA TORINO N. 19 ,via torino 019, isolato:446, accesso: accesso esterno, (z.d. 1);12/11/1996;VIA ;TORINO;19;;543;1;;energia;;;;non alimentare;;abbigliamento;settore non alimentare;550
VIA LENTASIO N. 1 ,via lentasio 001, isolato:270, accesso: accesso esterno, (z.d. 1);22/05/1990;VIA ;LENTASIO;1;;410;1;;;;;;non alimentare;;abbigliamento;ix,x;355
VIA PLANA GIOVANNI ANTONIO N. 38 allo sportello in distribuz, isolato:325, accesso: accesso esterno, (z.d. 8);25/05/1987;VIA ;PLANA GIOVANNI ANTONIO;38;;7177;8;;;;;;non alimentare;;abbigliamento;settore non alimentare;433
CSO VENEZIA N. 15 ,cso venezia 015, isolato:189, accesso: accesso esterno, (z.d. 1);21/09/2000;CSO ;VENEZIA;15;;238;1;;d E g.;;;;non alimentare;"(con l'esclusione dei prodotti per i quali e' previsto per legge uno specifico diploma) attivita' prevalente_:abbigliamento ";abbigliamento;settore non alimentare;713
VIA DANTE ALIGHIERI N. 7 ,via dante alighieri 007, isolato:375, accesso: accesso esterno, (z.d. 1);20/04/1996;VIA ;DANTE ALIGHIERI;7;;612;1;;max E co.;;;;non alimentare;"con esclusione dei prodotti per i quali e' previsto per legge uno specifico diploma ";abbigliamento donna;settore non alimentare;270
VIA DOGANA N. 4 ,via mazzini giuseppe 002, isolato:447, accesso: accesso esterno, (z.d. 1);26/06/1998;VIA ;DOGANA;4;;341;1;;sisley;;;;non alimentare;"(con l'esclusione dei prodotti per i quali � previsto per legge uno specifico diploma)  (con l'esclusione dei prodotti per i quali � previsto per legge uno specifico diploma) attivita' prevalente vendita capi d'abbigliamento ed accessori loro pertinenti";abbigliamento;settore non alimentare;1076
PZA DEL DUOMO N. 31 ,cso vittorio emanuele ii 001, isolato:419, accesso: accesso esterno, (z.d. 1);20/12/1988;PZA ;DEL DUOMO;31;;1;1;;;;;;alimentare,non alimentare;"abbigliamento e relativi accessori, alimentari confezionati ";abbigliamento;settore alimentare/non aliment;757
VIA SANT' ANDREA N. 5 ,via sant' andrea 005, isolato:260, accesso: accesso esterno, (z.d. 1);23/10/1990;VIA ;SANT' ANDREA;5;;222;1;;;;;;non alimentare;;abbigliamento donna;settore non alimentare;331
VIA SANTA TECLA N. 5 ,via santa tecla 005, isolato:389, accesso: accesso esterno, (z.d. 1);02/03/1993;VIA ;SANTA TECLA;5;;321;1;;il libraccio;;;;non alimentare;"(con l'esclusione dei prodotti per i quali e' previsto per legge uno specifico diploma) ";libreria;settore non alimentare;260
CSO BUENOS AIRES N. 36 , isolato:079, accesso: accesso esterno, (z.d. 3);08/04/1991;CSO ;BUENOS AIRES;36;;2129;3;;muji;;;;non alimentare;"articoli per la casa, l'ufficio, abbigliamento, ecc. ";casalinghi;settore non alimentare;505
VIA SAN GREGORIO N. 48 , isolato:069, accesso: accesso esterno, (z.d. 2);16/09/1988;VIA ;SAN GREGORIO;48;;2123;2;;;;;;non alimentare;;tessuti per abbigliamento;xiv sub 56,xiv sub 55,ix,x;300
VIA MEDA GIUSEPPE N. 16 , isolato:160, accesso: accesso esterno, (z.d. 5);01/01/1989;VIA ;MEDA GIUSEPPE;16;;5242;5;;cai;;;;non alimentare;"adeguamento ,";abbigliamento uomo;ix,x;294
CSO VERCELLI N. 16 , isolato:216, accesso: accesso esterno, (z.d. 7);01/01/2000;CSO ;VERCELLI;16;;6193;7;;;;;;non alimentare;;abbigliamento;xiv sub 55,x,xiv sub 56,xi (cont.ant. d.m. 375/88),ix (cont.antec. d.m. 375/88);582
VIA MARGHERA N. 36 , isolato:212, accesso: accesso esterno, (z.d. 7);01/04/1989;VIA ;MARGHERA;36;;6280;7;;;;;;alimentare,non alimentare;"(con l'esclusione dei prodotti per i quali e' previsto per legge uno specifico diploma) ";drogheria;settore alimentare/non aliment;314
VIA ARBE N. 47 interno superspacci alimentari, isolato:086, accesso: accesso esterno, (z.d. 2);02/11/1992;VIA ;ARBE;47;;1352;2;;il mercatino di via arbe;;;;alimentare,non alimentare;"(con l'esclusione dei prodotti per i quali e' previsto uno specifico diploma) ";minimercati;settore alimentare/non aliment;256
VIA DELLE ORCHIDEE N. 4 interno superspacci alimentari, isolato:035, accesso: accesso esterno, (z.d. 6);03/09/1997;VIA ;DELLE ORCHIDEE;4;;6717;6;;di per di;;;;alimentare,non alimentare;"(con esclusione dei prodotti per i quali e' previsto per legge uno specifico diploma) ";supermercato alimentare;settore alimentare/non aliment;280
VIA PARAVIA PIER ALESSANDRO N. 77 , isolato:241, accesso: accesso esterno, (z.d. 7);08/02/1994;VIA ;PARAVIA PIER ALESSANDRO;77;;6571;7;;di per di;;;;alimentare,non alimentare;"(con l'esclusione dei prodotti per i quali e' previsto uno specifico diploma) attivita' prevalente: commercio al dettaglio generi alimentari";supermercato alimentare;settore alimentare/non aliment;382
VIA VAL DI BONDO N. 15 aff. az. tacit. rinnov., isolato:031, accesso: accesso esterno, (z.d. 9);16/07/1990;VIA ;VAL DI BONDO;15;;1648;9;;punto sma;;;;alimentare,non alimentare;"(con l'esclusione dei prodotti per i quali e' previsto per legge uno specifico diploma) @ prodotti alimentari, per l'igiene della casa e per la persona ";minimercati;settore alimentare/non aliment;295
VIA CONCA DEL NAVIGLIO N. 37 , isolato:128, accesso: accesso esterno, (z.d. 1);08/11/1990;VIA ;CONCA DEL NAVIGLIO;37;;5180;1;;di per di;;;;alimentare,non alimentare;"con esclusione dei prodotti per i quali e' previsto per legge uno specifico diploma ";supermercato alimentare;settore alimentare/non aliment;440
VIA LOMBROSO CESARE N. 54 interno merc.ingros.ortofrutt., isolato:091, accesso: accesso esterno, (z.d. 4);01/01/2000;VIA ;LOMBROSO CESARE;54;;3334;4;;;;interno mercato ortofrutticolo;;alimentare,non alimentare;;pasticceria - gelateria;xiv sub 50,vii (cont.antec. d.m. 27/6/86);800
VIA SOLARI ANDREA N. 6 , isolato:019, accesso: accesso esterno, (z.d. 6);24/10/1997;VIA ;SOLARI ANDREA;6;;5111;6;;salvini;;;;alimentare,non alimentare;"(con l'esclusione dei prodotti per i quali e' previsto per legge uno specifico diploma) ";minimercati;settore alimentare/non aliment;360
VIA MONCALIERI N. 15 , isolato:128, accesso: accesso esterno, (z.d. 9);05/03/1997;VIA ;MONCALIERI;15;;1095;9;;oviesse;;;;non alimentare;"abbigliamento uomo, donna, bambini, intimo, accessori, tessile casa ";grande magazzino senza alimen.;settore non alimentare;870
VIA VENINI GIULIO E CORRADO N. 37 aff. az. tacit. rinnov., isolato:342, accesso: accesso esterno, (z.d. 2);16/08/1988;VIA ;VENINI GIULIO E CORRADO;37;;2258;2;;punto sma;;;;alimentare,non alimentare;"(con l'esclusione dei prodotti per i quali � previsto per legge uno specifico diploma) attivita' prevalente: supermercato ";minimercati;settore alimentare/non aliment;320
VIA POERIO CARLO N. 3 , isolato:175, accesso: accesso esterno, (z.d. 3);01/01/1988;VIA ;POERIO CARLO;3;;3181;3;;m.c. selvini;;;;non alimentare;"(con l'esclusione dei prodotti per i quali e' previsto uno specifico diploma) attivita' prevalente: arredamento ";mobili;settore non alimentare;508
VIA MAMBRETTI ANTONIO N. 29 , isolato:112, accesso: accesso esterno, (z.d. 8);19/05/1993;VIA ;MAMBRETTI ANTONIO;29;;7455;8;;salina albera;;;;non alimentare;;mobili;xiv prodotti per la casa,xii-radio e tv,xii-elettrodomestici,xii-materiale elettrico,xii sub 1,xiv prodotti per l'edilizia,x;260
VIA MEDA GIUSEPPE N. 11 , isolato:130, accesso: accesso interno, (z.d. 5);01/01/2000;VIA ;MEDA GIUSEPPE;11;;5242;5;;;;;;non alimentare;;autoveicoli;xiv sub 10;350
VIA LORENTEGGIO N. 27 , isolato:152, accesso: accesso esterno, (z.d. 6);01/01/2000;VIA ;LORENTEGGIO;27;;5132;6;;;;;;non alimentare;;accessori e ricambi auto-moto;xiv sub 10;350
VIA SODERINI LUIGI N. 54 , isolato:069, accesso: accesso esterno, (z.d. 6);02/03/1990;VIA ;SODERINI LUIGI;54;;6675;6;;;;;;non alimentare;;autoveicoli;xiv sub 10;800
VIA DELL' INNOMINATO N. 2 , isolato:082, accesso: accesso esterno, (z.d. 5);31/03/1993;VIA ;DELL' INNOMINATO;2;;5414;5;;varco spa.;;;;non alimentare;"autoveicoli ";autoveicoli;settore non alimentare;664
VIA SANT' ARNALDO N. 26 centro strada, isolato:063, pto strada:cs, accesso: accesso esterno, (z.d. 9);19/07/1994;VIA ;SANT' ARNALDO;26;;1663;9;;;;;;non alimentare,tabella speciale carburanti;;carburanti e lubrificanti;speciale distrib. carburante,xiv sub 10;600
VIA GALLARATE N. 40 centro strada, isolato:228, pto strada:cs, accesso: accesso esterno, (z.d. 8);01/01/2000;VIA ;GALLARATE;40;;7420;8;;;;;;tabella speciale carburanti;;in attesa di revoca;speciale distrib. carburante;800
VIA DUPRE' GIOVANNI N. 14 , isolato:292, accesso: accesso esterno, (z.d. 8);11/12/2006;VIA ;DUPRE' GIOVANNI;14;;7252;8;;;;;;non alimentare;"auto nuove e usate - ricambi ";in attesa di revoca;settore non alimentare;800
VIA VODICE N. 3 , isolato:252, accesso: accesso esterno, (z.d. 7);01/01/2000;VIA ;VODICE;3;;6552;7;;;;;;non alimentare;;autoveicoli;xiv sub 10;375
VLE LANCETTI VINCENZO N. 17 , isolato:103, accesso: accesso esterno, (z.d. 9);10/02/1992;VLE ;LANCETTI VINCENZO;17;;1221;9;;;;;;non alimentare;;autoveicoli;xiv sub 10;1000
VLE CERTOSA N. 9 , isolato:335, accesso: accesso esterno, (z.d. 8);24/04/1991;VLE ;CERTOSA;9;;7174;8;;;;;;non alimentare;;autoveicoli;xiv sub 10;600
VIA PETITTI CARLO ILARIONE N. 5 , isolato:330, accesso: accesso esterno, (z.d. 8);01/01/2000;VIA ;PETITTI CARLO ILARIONE;5;;7161;8;;;;;;non alimentare;;autoveicoli;xiv sub 10;270
